<?xml version="1.0" encoding="utf-8"?>
<annotations>
  <version>1.1</version>
  <meta>
    <job>
      <id>2780013</id>
      <size>12</size>
      <mode>annotation</mode>
      <overlap>0</overlap>
      <bugtracker></bugtracker>
      <created>2025-07-29 14:05:31.694120+00:00</created>
      <updated>2025-07-29 14:12:05.501310+00:00</updated>
      <subset>default</subset>
      <start_frame>0</start_frame>
      <stop_frame>11</stop_frame>
      <frame_filter></frame_filter>
      <segments>
        <segment>
          <id>2781901</id>
          <start>0</start>
          <stop>11</stop>
          <url>https://app.cvat.ai/api/jobs/2780013</url>
        </segment>
      </segments>
      <owner>
        <username>shema.omofaye</username>
        <email>shema.omofaye@gmail.com</email>
      </owner>
      <assignee></assignee>
      <labels>
        <label>
          <name>person</name>
          <color>#c06060</color>
          <type>any</type>
          <attributes>
          </attributes>
        </label>
        <label>
          <name>car</name>
          <color>#2080c0</color>
          <type>any</type>
          <attributes>
          </attributes>
        </label>
        <label>
          <name>building</name>
          <color>#204000</color>
          <type>any</type>
          <attributes>
          </attributes>
        </label>
        <label>
          <name>road</name>
          <color>#20e0e0</color>
          <type>any</type>
          <attributes>
          </attributes>
        </label>
      </labels>
    </job>
    <dumped>2025-07-29 14:13:36.769717+00:00</dumped>
  </meta>
  <image id="0" name="OIG (1).jpg" width="173" height="173">
    <box label="car" source="auto" occluded="0" xtl="108.00" ytl="135.00" xbr="173.00" ybr="173.00" z_order="0">
    </box>
    <box label="car" source="auto" occluded="0" xtl="3.00" ytl="113.00" xbr="56.00" ybr="159.00" z_order="0">
    </box>
    <box label="car" source="auto" occluded="0" xtl="116.00" ytl="86.00" xbr="173.00" ybr="118.00" z_order="0">
    </box>
    <box label="car" source="auto" occluded="0" xtl="130.00" ytl="156.00" xbr="173.00" ybr="173.00" z_order="0">
    </box>
    <box label="car" source="auto" occluded="0" xtl="141.00" ytl="113.00" xbr="173.00" ybr="137.00" z_order="0">
    </box>
    <box label="car" source="auto" occluded="0" xtl="0.00" ytl="140.00" xbr="24.00" ybr="173.00" z_order="0">
    </box>
    <box label="car" source="auto" occluded="0" xtl="3.00" ytl="84.00" xbr="85.00" ybr="115.00" z_order="0">
    </box>
    <box label="car" source="auto" occluded="0" xtl="0.00" ytl="94.00" xbr="64.00" ybr="124.00" z_order="0">
    </box>
    <box label="car" source="auto" occluded="0" xtl="117.00" ytl="68.00" xbr="167.00" ybr="98.00" z_order="0">
    </box>
  </image>
  <image id="1" name="OIG (10).jpg" width="173" height="173">
    <box label="car" source="auto" occluded="0" xtl="110.00" ytl="124.00" xbr="173.00" ybr="159.00" z_order="0">
    </box>
    <box label="car" source="auto" occluded="0" xtl="87.00" ytl="96.00" xbr="140.00" ybr="117.00" z_order="0">
    </box>
    <box label="car" source="auto" occluded="0" xtl="36.00" ytl="95.00" xbr="84.00" ybr="118.00" z_order="0">
    </box>
    <box label="car" source="auto" occluded="0" xtl="143.00" ytl="104.00" xbr="173.00" ybr="131.00" z_order="0">
    </box>
    <box label="car" source="auto" occluded="0" xtl="0.00" ytl="107.00" xbr="65.00" ybr="145.00" z_order="0">
    </box>
    <box label="car" source="auto" occluded="0" xtl="9.00" ytl="142.00" xbr="56.00" ybr="173.00" z_order="0">
    </box>
  </image>
  <image id="2" name="OIG (11).jpg" width="173" height="173">
    <box label="car" source="auto" occluded="0" xtl="10.00" ytl="89.00" xbr="101.00" ybr="128.00" z_order="0">
    </box>
    <box label="car" source="auto" occluded="0" xtl="116.00" ytl="106.00" xbr="173.00" ybr="161.00" z_order="0">
    </box>
    <box label="car" source="auto" occluded="0" xtl="106.00" ytl="75.00" xbr="159.00" ybr="100.00" z_order="0">
    </box>
    <box label="car" source="auto" occluded="0" xtl="0.00" ytl="132.00" xbr="74.00" ybr="173.00" z_order="0">
    </box>
    <box label="car" source="auto" occluded="0" xtl="141.00" ytl="80.00" xbr="173.00" ybr="107.00" z_order="0">
    </box>
    <box label="car" source="auto" occluded="0" xtl="38.00" ytl="76.00" xbr="62.00" ybr="92.00" z_order="0">
    </box>
    <box label="person" source="auto" occluded="0" xtl="80.00" ytl="73.00" xbr="87.00" ybr="99.00" z_order="0">
    </box>
    <box label="person" source="auto" occluded="0" xtl="101.00" ytl="72.00" xbr="107.00" ybr="96.00" z_order="0">
    </box>
  </image>
  <image id="3" name="OIG (12).jpg" width="173" height="173">
    <box label="car" source="auto" occluded="0" xtl="102.00" ytl="21.00" xbr="173.00" ybr="160.00" z_order="0">
    </box>
    <box label="person" source="auto" occluded="0" xtl="38.00" ytl="40.00" xbr="78.00" ybr="104.00" z_order="0">
    </box>
    <box label="car" source="auto" occluded="0" xtl="70.00" ytl="33.00" xbr="122.00" ybr="98.00" z_order="0">
    </box>
    <box label="car" source="auto" occluded="0" xtl="0.00" ytl="53.00" xbr="37.00" ybr="81.00" z_order="0">
    </box>
  </image>
  <image id="4" name="OIG (2).jpg" width="173" height="173">
    <box label="car" source="auto" occluded="0" xtl="0.00" ytl="95.00" xbr="36.00" ybr="131.00" z_order="0">
    </box>
    <box label="car" source="auto" occluded="0" xtl="0.00" ytl="82.00" xbr="44.00" ybr="119.00" z_order="0">
    </box>
    <box label="person" source="auto" occluded="0" xtl="41.00" ytl="83.00" xbr="54.00" ybr="122.00" z_order="0">
    </box>
    <box label="car" source="auto" occluded="0" xtl="76.00" ytl="86.00" xbr="173.00" ybr="128.00" z_order="0">
    </box>
    <box label="car" source="auto" occluded="0" xtl="127.00" ytl="92.00" xbr="173.00" ybr="130.00" z_order="0">
    </box>
    <box label="person" source="auto" occluded="0" xtl="57.00" ytl="84.00" xbr="69.00" ybr="119.00" z_order="0">
    </box>
    <box label="car" source="auto" occluded="0" xtl="157.00" ytl="107.00" xbr="173.00" ybr="133.00" z_order="0">
    </box>
    <box label="person" source="auto" occluded="0" xtl="65.00" ytl="84.00" xbr="81.00" ybr="121.00" z_order="0">
    </box>
    <box label="car" source="auto" occluded="0" xtl="0.00" ytl="75.00" xbr="12.00" ybr="82.00" z_order="0">
    </box>
  </image>
  <image id="5" name="OIG (3).jpg" width="173" height="173">
    <box label="car" source="auto" occluded="0" xtl="0.00" ytl="84.00" xbr="75.00" ybr="121.00" z_order="0">
    </box>
    <box label="car" source="auto" occluded="0" xtl="102.00" ytl="77.00" xbr="173.00" ybr="114.00" z_order="0">
    </box>
    <box label="car" source="auto" occluded="0" xtl="27.00" ytl="69.00" xbr="91.00" ybr="98.00" z_order="0">
    </box>
    <box label="car" source="auto" occluded="0" xtl="82.00" ytl="55.00" xbr="111.00" ybr="83.00" z_order="0">
    </box>
    <box label="car" source="auto" occluded="0" xtl="20.00" ytl="45.00" xbr="49.00" ybr="58.00" z_order="0">
    </box>
    <box label="car" source="auto" occluded="0" xtl="0.00" ytl="123.00" xbr="52.00" ybr="173.00" z_order="0">
    </box>
  </image>
  <image id="6" name="OIG (4).jpg" width="173" height="173">
    <box label="car" source="auto" occluded="0" xtl="99.00" ytl="116.00" xbr="159.00" ybr="164.00" z_order="0">
    </box>
    <box label="car" source="auto" occluded="0" xtl="9.00" ytl="128.00" xbr="87.00" ybr="173.00" z_order="0">
    </box>
    <box label="car" source="auto" occluded="0" xtl="23.00" ytl="91.00" xbr="104.00" ybr="131.00" z_order="0">
    </box>
    <box label="car" source="auto" occluded="0" xtl="128.00" ytl="93.00" xbr="173.00" ybr="123.00" z_order="0">
    </box>
    <box label="car" source="auto" occluded="0" xtl="0.00" ytl="80.00" xbr="43.00" ybr="113.00" z_order="0">
    </box>
    <box label="person" source="auto" occluded="0" xtl="0.00" ytl="103.00" xbr="17.00" ybr="139.00" z_order="0">
    </box>
    <box label="person" source="auto" occluded="0" xtl="16.00" ytl="109.00" xbr="30.00" ybr="154.00" z_order="0">
    </box>
    <box label="car" source="auto" occluded="0" xtl="12.00" ytl="71.00" xbr="52.00" ybr="96.00" z_order="0">
    </box>
    <box label="car" source="auto" occluded="0" xtl="6.00" ytl="57.00" xbr="31.00" ybr="74.00" z_order="0">
    </box>
  </image>
  <image id="7" name="OIG (5).jpg" width="173" height="173">
    <box label="car" source="auto" occluded="0" xtl="73.00" ytl="101.00" xbr="142.00" ybr="146.00" z_order="0">
    </box>
    <box label="car" source="auto" occluded="0" xtl="0.00" ytl="85.00" xbr="88.00" ybr="127.00" z_order="0">
    </box>
    <box label="person" source="auto" occluded="0" xtl="23.00" ytl="114.00" xbr="52.00" ybr="173.00" z_order="0">
    </box>
    <box label="person" source="auto" occluded="0" xtl="111.00" ytl="130.00" xbr="142.00" ybr="173.00" z_order="0">
    </box>
    <box label="person" source="auto" occluded="0" xtl="44.00" ytl="105.00" xbr="66.00" ybr="170.00" z_order="0">
    </box>
    <box label="person" source="auto" occluded="0" xtl="0.00" ytl="111.00" xbr="23.00" ybr="162.00" z_order="0">
    </box>
    <box label="car" source="auto" occluded="0" xtl="52.00" ytl="60.00" xbr="79.00" ybr="75.00" z_order="0">
    </box>
    <box label="car" source="auto" occluded="0" xtl="26.00" ytl="72.00" xbr="89.00" ybr="104.00" z_order="0">
    </box>
    <box label="car" source="auto" occluded="0" xtl="118.00" ytl="76.00" xbr="173.00" ybr="109.00" z_order="0">
    </box>
    <box label="car" source="auto" occluded="0" xtl="96.00" ytl="84.00" xbr="128.00" ybr="103.00" z_order="0">
    </box>
  </image>
  <image id="8" name="OIG (6).jpg" width="173" height="173">
    <box label="car" source="auto" occluded="0" xtl="111.00" ytl="65.00" xbr="170.00" ybr="103.00" z_order="0">
    </box>
    <box label="car" source="auto" occluded="0" xtl="66.00" ytl="88.00" xbr="114.00" ybr="155.00" z_order="0">
    </box>
    <box label="car" source="auto" occluded="0" xtl="9.00" ytl="80.00" xbr="68.00" ybr="133.00" z_order="0">
    </box>
    <box label="car" source="auto" occluded="0" xtl="104.00" ytl="51.00" xbr="138.00" ybr="67.00" z_order="0">
    </box>
    <box label="car" source="auto" occluded="0" xtl="132.00" ytl="55.00" xbr="173.00" ybr="83.00" z_order="0">
    </box>
    <box label="person" source="auto" occluded="0" xtl="160.00" ytl="91.00" xbr="173.00" ybr="119.00" z_order="0">
    </box>
    <box label="car" source="auto" occluded="0" xtl="0.00" ytl="71.00" xbr="32.00" ybr="121.00" z_order="0">
    </box>
    <box label="car" source="auto" occluded="0" xtl="70.00" ytl="53.00" xbr="114.00" ybr="78.00" z_order="0">
    </box>
    <box label="car" source="auto" occluded="0" xtl="38.00" ytl="49.00" xbr="71.00" ybr="70.00" z_order="0">
    </box>
  </image>
  <image id="9" name="OIG (7).jpg" width="173" height="173">
    <box label="car" source="auto" occluded="0" xtl="36.00" ytl="44.00" xbr="80.00" ybr="74.00" z_order="0">
    </box>
    <box label="car" source="auto" occluded="0" xtl="0.00" ytl="34.00" xbr="47.00" ybr="101.00" z_order="0">
    </box>
    <box label="car" source="auto" occluded="0" xtl="132.00" ytl="30.00" xbr="173.00" ybr="108.00" z_order="0">
    </box>
    <box label="car" source="auto" occluded="0" xtl="95.00" ytl="45.00" xbr="138.00" ybr="66.00" z_order="0">
    </box>
  </image>
  <image id="10" name="OIG (8).jpg" width="173" height="173">
    <box label="car" source="auto" occluded="0" xtl="116.00" ytl="89.00" xbr="173.00" ybr="143.00" z_order="0">
    </box>
    <box label="car" source="auto" occluded="0" xtl="43.00" ytl="75.00" xbr="92.00" ybr="128.00" z_order="0">
    </box>
    <box label="car" source="auto" occluded="0" xtl="106.00" ytl="72.00" xbr="148.00" ybr="125.00" z_order="0">
    </box>
    <box label="car" source="auto" occluded="0" xtl="0.00" ytl="76.00" xbr="69.00" ybr="164.00" z_order="0">
    </box>
    <box label="car" source="auto" occluded="0" xtl="0.00" ytl="54.00" xbr="33.00" ybr="77.00" z_order="0">
    </box>
    <box label="car" source="auto" occluded="0" xtl="67.00" ytl="71.00" xbr="104.00" ybr="114.00" z_order="0">
    </box>
  </image>
  <image id="11" name="OIG (9).jpg" width="173" height="173">
    <box label="car" source="auto" occluded="0" xtl="145.00" ytl="82.00" xbr="173.00" ybr="124.00" z_order="0">
    </box>
    <box label="car" source="auto" occluded="0" xtl="135.00" ytl="85.00" xbr="152.00" ybr="116.00" z_order="0">
    </box>
    <box label="car" source="auto" occluded="0" xtl="129.00" ytl="86.00" xbr="143.00" ybr="109.00" z_order="0">
    </box>
    <box label="car" source="auto" occluded="0" xtl="106.00" ytl="80.00" xbr="124.00" ybr="107.00" z_order="0">
    </box>
  </image>
</annotations>
