filename,ankle,boots,knee,mid,sneaker
OIG-28-_jpg.rf.401b479d3fe5cb63ff4fa8138f2328bd.jpg,0,1,1,0,0
OIG-38-_jpg.rf.6b3d8676c474105a4c9c6fb895e9a345.jpg,0,1,1,0,0
OIG-35-_jpg.rf.2c8fc220c8cb012c0d86210108507888.jpg,0,1,1,0,0
OIG-19-_jpg.rf.2a5256f603d128daf379dd47128b6cc2.jpg,1,0,0,0,1
OIG-17-_jpg.rf.90c6fc8ca167252f30c6cf349cf82422.jpg,0,1,0,1,0
OIG-12-_jpg.rf.b1b573233e76aea7923b862acc3b890d.jpg,1,0,0,0,1
OIG-30-_jpg.rf.adcc4a1db30cc848884a66b8600c0129.jpg,0,1,1,0,0
OIG-22-_jpg.rf.1cdaa0067009051d1982ae8156b83fc1.jpg,0,1,0,1,0
OIG-27-_jpg.rf.ca4b9c72e369643b96f2173bed82b30a.jpg,0,1,1,0,0
OIG-33-_jpg.rf.9bf7130c15995f8001d4a5a708e51c28.jpg,0,1,1,0,0
OIG-7-_jpg.rf.b7eed520ed0c9815bd23abb2402d6452.jpg,1,0,0,0,1
OIG-42-_jpg.rf.312f2f207953a971369410b2aa2789f7.jpg,0,1,1,0,0
OIG-39-_jpg.rf.52c511048b3bfcd6cdeb1eafb162ddfd.jpg,0,1,1,0,0
OIG-10-_jpg.rf.038e5ccf4ceca7c84249cf55daae3bc9.jpg,1,0,0,0,1
OIG-43-_jpg.rf.2bb92eb1a5729f0acbcfdb2a8fad89cd.jpg,0,1,1,0,0
OIG-41-_jpg.rf.dd80feac94cfa67bc21e9c66ed0478a8.jpg,0,1,1,0,0
OIG-8-_jpg.rf.3b6451e32f6d6cd248e50e4c01a249dd.jpg,0,1,1,0,0
OIG-26-_jpg.rf.7f33501453a47c4376b1e04647af977c.jpg,0,1,1,0,0
OIG-13-_jpg.rf.c21df343ed4b648e18a9c75cdd233594.jpg,0,1,0,1,0
OIG-32-_jpg.rf.8126df379a7b0321a506f9d899197062.jpg,0,1,1,0,0
OIG-16-_jpg.rf.751cedd83fcfce1f72d8bb119da62a1b.jpg,1,0,0,0,1
OIG-36-_jpg.rf.fbf3e007b1883d502edc343409f06525.jpg,0,1,1,0,0
OIG-15-_jpg.rf.1a411f9fa7516c0b89ba448b36d99fd0.jpg,0,1,1,0,0
OIG-11-_jpg.rf.b5a441a2c9af7865f9bcdc5654e1b4ec.jpg,1,0,0,0,1
OIG-29-_jpg.rf.639ebc0e1102b02cb54ca740688a5a27.jpg,0,1,0,1,0
OIG-34-_jpg.rf.23c00ea080da9310446c559a47bf7f1f.jpg,0,1,1,0,0
OIG-3-_jpg.rf.4dca9bae9c64ebe60247cb713dc0e19b.jpg,0,1,1,0,0
OIG-20-_jpg.rf.88844996b364d59f273c068055fc1611.jpg,1,0,0,0,1
OIG-1-_jpg.rf.76375ac74c29e888683b12cdd28f6d00.jpg,0,1,1,0,0
OIG-2-_jpg.rf.def4b0dd9cad570280d7415eaeef4c9e.jpg,0,1,1,0,0
OIG-4-_jpg.rf.25969ea9c10c7f132b3c4400870cef3a.jpg,1,0,0,0,1
OIG-24-_jpg.rf.a2ebbd26b5724e8a3f1435b1e19d735a.jpg,0,1,0,1,0
OIG-6-_jpg.rf.3f870f782e714e5a09f6d7485822ef27.jpg,1,0,0,0,1
OIG-44-_jpg.rf.5e8d07afd96ef26905b580ead4e02933.jpg,0,1,0,1,0
OIG-45-_jpg.rf.3da66c7d8bc03525d92e503c0e64da7d.jpg,0,1,1,0,0
OIG-37-_jpg.rf.315489970ab6c3cca3bbf7c6cc92a79d.jpg,0,1,1,0,0
OIG-31-_jpg.rf.790b259d706f144601c93f6769cb000b.jpg,0,1,1,0,0
OIG-25-_jpg.rf.e9310e27f213611440441cecc89d829a.jpg,0,1,0,1,0
OIG-40-_jpg.rf.ad8698c9e32443deca429fca1c234352.jpg,0,1,1,0,0
OIG-18-_jpg.rf.0c131cae9bdd96e12d489aee9ae10bfd.jpg,1,0,0,0,1
OIG-21-_jpg.rf.fdc400a55332f50d4c589dc3890350b6.jpg,1,0,0,0,1
OIG-9-_jpg.rf.ad73412341190b5c50236631be7ee89b.jpg,0,1,1,0,0
OIG-5-_jpg.rf.ee8ccf8592ce36adf091f515ab81f86f.jpg,1,0,0,0,1
OIG-23-_jpg.rf.868e68294c4ad120c3760c7008931765.jpg,0,1,1,0,0
OIG-14-_jpg.rf.653caf55afe0d24f7c6fb81c93fd8428.jpg,0,1,1,0,0