{"info":{"year":"2025","version":"1","description":"Exported from roboflow.com","contributor":"","url":"https://public.roboflow.com/object-detection/undefined","date_created":"2025-08-07T12:07:09+00:00"},"licenses":[{"id":1,"url":"https://creativecommons.org/licenses/by/4.0/","name":"CC BY 4.0"}],"categories":[{"id":0,"name":"car","supercategory":"none"},{"id":1,"name":"car","supercategory":"car"},{"id":2,"name":"cars","supercategory":"car"}],"images":[{"id":0,"license":1,"file_name":"Cars-on-the-street-video_mp4-0009_jpg.rf.31f13059441b3f56ae333f4cb4965b05.jpg","height":640,"width":640,"date_captured":"2025-08-07T12:07:09+00:00","extra":{"name":"Cars-on-the-street-video_mp4-0009.jpg"}},{"id":1,"license":1,"file_name":"Cars-on-the-street-video_mp4-0011_jpg.rf.eb94f10d150f02b2e3467cb64470cc4e.jpg","height":640,"width":640,"date_captured":"2025-08-07T12:07:09+00:00","extra":{"name":"Cars-on-the-street-video_mp4-0011.jpg"}},{"id":2,"license":1,"file_name":"Cars-on-the-street-video_mp4-0001_jpg.rf.f453b882ddc8548e98a3476796ae7739.jpg","height":640,"width":640,"date_captured":"2025-08-07T12:07:09+00:00","extra":{"name":"Cars-on-the-street-video_mp4-0001.jpg"}},{"id":3,"license":1,"file_name":"Cars-on-the-street-video_mp4-0006_jpg.rf.b421450687b8f3addde7916addd60de5.jpg","height":640,"width":640,"date_captured":"2025-08-07T12:07:09+00:00","extra":{"name":"Cars-on-the-street-video_mp4-0006.jpg"}},{"id":4,"license":1,"file_name":"Cars-on-the-street-video_mp4-0002_jpg.rf.527fa5a63379076337f8a4849767ddbc.jpg","height":640,"width":640,"date_captured":"2025-08-07T12:07:09+00:00","extra":{"name":"Cars-on-the-street-video_mp4-0002.jpg"}},{"id":5,"license":1,"file_name":"Cars-on-the-street-video_mp4-0008_jpg.rf.cb6d962ebb339017151a592a3ac90a8e.jpg","height":640,"width":640,"date_captured":"2025-08-07T12:07:09+00:00","extra":{"name":"Cars-on-the-street-video_mp4-0008.jpg"}},{"id":6,"license":1,"file_name":"Cars-on-the-street-video_mp4-0010_jpg.rf.a6abbaaeb858e3e95cd181f93179f255.jpg","height":640,"width":640,"date_captured":"2025-08-07T12:07:09+00:00","extra":{"name":"Cars-on-the-street-video_mp4-0010.jpg"}},{"id":7,"license":1,"file_name":"Cars-on-the-street-video_mp4-0004_jpg.rf.8a80e68377218644f342e28f294efc50.jpg","height":640,"width":640,"date_captured":"2025-08-07T12:07:09+00:00","extra":{"name":"Cars-on-the-street-video_mp4-0004.jpg"}},{"id":8,"license":1,"file_name":"Cars-on-the-street-video_mp4-0003_jpg.rf.ddd2ea8802d07166fbe6ef1a5327634a.jpg","height":640,"width":640,"date_captured":"2025-08-07T12:07:09+00:00","extra":{"name":"Cars-on-the-street-video_mp4-0003.jpg"}},{"id":9,"license":1,"file_name":"Cars-on-the-street-video_mp4-0000_jpg.rf.1452adf30faafbb76ed6eed4d0af0b62.jpg","height":640,"width":640,"date_captured":"2025-08-07T12:07:09+00:00","extra":{"name":"Cars-on-the-street-video_mp4-0000.jpg"}},{"id":10,"license":1,"file_name":"Cars-on-the-street-video_mp4-0005_jpg.rf.7175236fbc4c197e4fce4a438b731729.jpg","height":640,"width":640,"date_captured":"2025-08-07T12:07:09+00:00","extra":{"name":"Cars-on-the-street-video_mp4-0005.jpg"}}],"annotations":[{"id":0,"image_id":0,"category_id":1,"bbox":[305,318,164,130.5],"area":21402,"segmentation":[],"iscrowd":0},{"id":1,"image_id":0,"category_id":1,"bbox":[179,347,57,105.5],"area":6013.5,"segmentation":[],"iscrowd":0},{"id":2,"image_id":1,"category_id":1,"bbox":[295,364,113.5,134.5],"area":15265.75,"segmentation":[],"iscrowd":0},{"id":3,"image_id":1,"category_id":1,"bbox":[181,321,144,120],"area":17280,"segmentation":[],"iscrowd":0},{"id":4,"image_id":2,"category_id":2,"bbox":[84,357,291,255],"area":74205,"segmentation":[],"iscrowd":0},{"id":5,"image_id":2,"category_id":2,"bbox":[3,274,152,223.5],"area":33972,"segmentation":[],"iscrowd":0},{"id":6,"image_id":2,"category_id":2,"bbox":[476,351,162,209],"area":33858,"segmentation":[],"iscrowd":0},{"id":7,"image_id":2,"category_id":2,"bbox":[367,512,194,125],"area":24250,"segmentation":[],"iscrowd":0},{"id":8,"image_id":2,"category_id":2,"bbox":[344,311,187,205.5],"area":38428.5,"segmentation":[],"iscrowd":0},{"id":9,"image_id":2,"category_id":2,"bbox":[508,380,63.5,67],"area":4254.5,"segmentation":[],"iscrowd":0},{"id":10,"image_id":2,"category_id":2,"bbox":[469,254,164.5,119],"area":19575.5,"segmentation":[],"iscrowd":0},{"id":11,"image_id":2,"category_id":2,"bbox":[286,114,72.5,111.5],"area":8083.75,"segmentation":[],"iscrowd":0},{"id":12,"image_id":2,"category_id":2,"bbox":[357,83,133.5,120.5],"area":16086.75,"segmentation":[],"iscrowd":0},{"id":13,"image_id":2,"category_id":2,"bbox":[248,397,90,90.5],"area":8145,"segmentation":[],"iscrowd":0},{"id":14,"image_id":2,"category_id":2,"bbox":[505,146,132.5,140.5],"area":18616.25,"segmentation":[],"iscrowd":0},{"id":15,"image_id":2,"category_id":2,"bbox":[187,243,132,132.5],"area":17490,"segmentation":[],"iscrowd":0},{"id":16,"image_id":2,"category_id":2,"bbox":[282,16,64.5,107.5],"area":6933.75,"segmentation":[],"iscrowd":0},{"id":17,"image_id":2,"category_id":2,"bbox":[78,328,78,87],"area":6786,"segmentation":[],"iscrowd":0},{"id":18,"image_id":2,"category_id":2,"bbox":[430,79,67,78],"area":5226,"segmentation":[],"iscrowd":0},{"id":19,"image_id":2,"category_id":2,"bbox":[4,223,187.5,151],"area":28312.5,"segmentation":[],"iscrowd":0},{"id":20,"image_id":2,"category_id":2,"bbox":[503,150,99.5,81.5],"area":8109.25,"segmentation":[],"iscrowd":0},{"id":21,"image_id":2,"category_id":2,"bbox":[21,117,168.5,132],"area":22242,"segmentation":[],"iscrowd":0},{"id":22,"image_id":2,"category_id":2,"bbox":[4,4,203,126],"area":25578,"segmentation":[],"iscrowd":0},{"id":23,"image_id":2,"category_id":2,"bbox":[364,160,138.5,114.5],"area":15858.25,"segmentation":[],"iscrowd":0},{"id":24,"image_id":2,"category_id":2,"bbox":[198,126,77.5,70.5],"area":5463.75,"segmentation":[],"iscrowd":0},{"id":25,"image_id":2,"category_id":2,"bbox":[139,590,187,49],"area":9163,"segmentation":[],"iscrowd":0},{"id":26,"image_id":2,"category_id":2,"bbox":[529,98,108.5,107],"area":11609.5,"segmentation":[],"iscrowd":0},{"id":27,"image_id":2,"category_id":2,"bbox":[570,167,69.5,117],"area":8131.5,"segmentation":[],"iscrowd":0},{"id":28,"image_id":2,"category_id":2,"bbox":[571,110,68.5,89],"area":6096.5,"segmentation":[],"iscrowd":0},{"id":29,"image_id":2,"category_id":2,"bbox":[374,232,232,169],"area":39208,"segmentation":[],"iscrowd":0},{"id":30,"image_id":2,"category_id":2,"bbox":[410,152,95.5,78],"area":7449,"segmentation":[],"iscrowd":0},{"id":31,"image_id":2,"category_id":2,"bbox":[22,125,91.5,107],"area":9790.5,"segmentation":[],"iscrowd":0},{"id":32,"image_id":2,"category_id":2,"bbox":[504,224,90.5,71],"area":6425.5,"segmentation":[],"iscrowd":0},{"id":33,"image_id":2,"category_id":2,"bbox":[589,394,42.5,51],"area":2167.5,"segmentation":[],"iscrowd":0},{"id":34,"image_id":2,"category_id":2,"bbox":[452,204,77.5,78],"area":6045,"segmentation":[],"iscrowd":0},{"id":35,"image_id":2,"category_id":2,"bbox":[182,194,124.5,134],"area":16683,"segmentation":[],"iscrowd":0},{"id":36,"image_id":2,"category_id":2,"bbox":[37,340,37,59],"area":2183,"segmentation":[],"iscrowd":0},{"id":37,"image_id":2,"category_id":2,"bbox":[9,103,319,284],"area":90596,"segmentation":[],"iscrowd":0},{"id":38,"image_id":2,"category_id":2,"bbox":[371,229,139.5,106],"area":14787,"segmentation":[],"iscrowd":0},{"id":39,"image_id":2,"category_id":2,"bbox":[370,309,165,124],"area":20460,"segmentation":[],"iscrowd":0},{"id":40,"image_id":2,"category_id":2,"bbox":[158,402,36.5,57.5],"area":2098.75,"segmentation":[],"iscrowd":0},{"id":41,"image_id":2,"category_id":2,"bbox":[188,122,166.5,152],"area":25308,"segmentation":[],"iscrowd":0},{"id":42,"image_id":2,"category_id":2,"bbox":[143,505,418.5,130.5],"area":54614.25,"segmentation":[],"iscrowd":0},{"id":43,"image_id":2,"category_id":2,"bbox":[1,5,87,129],"area":11223,"segmentation":[],"iscrowd":0},{"id":44,"image_id":2,"category_id":2,"bbox":[4,88,372.5,528.5],"area":196866.25,"segmentation":[],"iscrowd":0},{"id":45,"image_id":2,"category_id":2,"bbox":[590,203,49.5,96],"area":4752,"segmentation":[],"iscrowd":0},{"id":46,"image_id":2,"category_id":2,"bbox":[184,127,107,126],"area":13482,"segmentation":[],"iscrowd":0},{"id":47,"image_id":2,"category_id":2,"bbox":[193,412,45,68.5],"area":3082.5,"segmentation":[],"iscrowd":0},{"id":48,"image_id":2,"category_id":2,"bbox":[353,49,281.5,298.5],"area":84027.75,"segmentation":[],"iscrowd":0},{"id":49,"image_id":2,"category_id":2,"bbox":[461,192,137,97.5],"area":13357.5,"segmentation":[],"iscrowd":0},{"id":50,"image_id":2,"category_id":2,"bbox":[138,254,191,166.5],"area":31801.5,"segmentation":[],"iscrowd":0},{"id":51,"image_id":2,"category_id":2,"bbox":[349,55,129,109],"area":14061,"segmentation":[],"iscrowd":0},{"id":52,"image_id":2,"category_id":2,"bbox":[331,307,88,109.5],"area":9636,"segmentation":[],"iscrowd":0},{"id":53,"image_id":2,"category_id":2,"bbox":[367,257,92.5,76],"area":7030,"segmentation":[],"iscrowd":0},{"id":54,"image_id":2,"category_id":2,"bbox":[352,261,285,300],"area":85500,"segmentation":[],"iscrowd":0},{"id":55,"image_id":3,"category_id":1,"bbox":[347,289,119.5,110],"area":13145,"segmentation":[],"iscrowd":0},{"id":56,"image_id":3,"category_id":1,"bbox":[181,320,126.5,108],"area":13662,"segmentation":[],"iscrowd":0},{"id":57,"image_id":3,"category_id":1,"bbox":[214,269,113,84],"area":9492,"segmentation":[],"iscrowd":0},{"id":58,"image_id":3,"category_id":1,"bbox":[316,227,49,83],"area":4067,"segmentation":[],"iscrowd":0},{"id":59,"image_id":4,"category_id":2,"bbox":[84,356,291,255.5],"area":74350.5,"segmentation":[],"iscrowd":0},{"id":60,"image_id":4,"category_id":2,"bbox":[3,274,151.5,223.5],"area":33860.25,"segmentation":[],"iscrowd":0},{"id":61,"image_id":4,"category_id":2,"bbox":[476,351,162,209],"area":33858,"segmentation":[],"iscrowd":0},{"id":62,"image_id":4,"category_id":2,"bbox":[367,512,194,125.5],"area":24347,"segmentation":[],"iscrowd":0},{"id":63,"image_id":4,"category_id":2,"bbox":[344,312,187,205.5],"area":38428.5,"segmentation":[],"iscrowd":0},{"id":64,"image_id":4,"category_id":2,"bbox":[508,380,64,67.5],"area":4320,"segmentation":[],"iscrowd":0},{"id":65,"image_id":4,"category_id":2,"bbox":[286,114,72.5,111.5],"area":8083.75,"segmentation":[],"iscrowd":0},{"id":66,"image_id":4,"category_id":2,"bbox":[469,253,164.5,119.5],"area":19657.75,"segmentation":[],"iscrowd":0},{"id":67,"image_id":4,"category_id":2,"bbox":[357,83,133.5,120.5],"area":16086.75,"segmentation":[],"iscrowd":0},{"id":68,"image_id":4,"category_id":2,"bbox":[248,398,90,90.5],"area":8145,"segmentation":[],"iscrowd":0},{"id":69,"image_id":4,"category_id":2,"bbox":[505,146,132.5,140.5],"area":18616.25,"segmentation":[],"iscrowd":0},{"id":70,"image_id":4,"category_id":2,"bbox":[187,241,131.5,133.5],"area":17555.25,"segmentation":[],"iscrowd":0},{"id":71,"image_id":4,"category_id":2,"bbox":[282,15,64.5,107.5],"area":6933.75,"segmentation":[],"iscrowd":0},{"id":72,"image_id":4,"category_id":2,"bbox":[77,328,78.5,87.5],"area":6868.75,"segmentation":[],"iscrowd":0},{"id":73,"image_id":4,"category_id":2,"bbox":[503,150,99.5,82],"area":8159,"segmentation":[],"iscrowd":0},{"id":74,"image_id":4,"category_id":2,"bbox":[22,117,168,131.5],"area":22092,"segmentation":[],"iscrowd":0},{"id":75,"image_id":4,"category_id":2,"bbox":[4,223,187.5,151],"area":28312.5,"segmentation":[],"iscrowd":0},{"id":76,"image_id":4,"category_id":2,"bbox":[4,4,203,126],"area":25578,"segmentation":[],"iscrowd":0},{"id":77,"image_id":4,"category_id":2,"bbox":[364,160,138,114],"area":15732,"segmentation":[],"iscrowd":0},{"id":78,"image_id":4,"category_id":2,"bbox":[198,126,78,70.5],"area":5499,"segmentation":[],"iscrowd":0},{"id":79,"image_id":4,"category_id":2,"bbox":[139,590,187,49],"area":9163,"segmentation":[],"iscrowd":0},{"id":80,"image_id":4,"category_id":2,"bbox":[429,76,70.5,80],"area":5640,"segmentation":[],"iscrowd":0},{"id":81,"image_id":4,"category_id":2,"bbox":[529,97,109,107.5],"area":11717.5,"segmentation":[],"iscrowd":0},{"id":82,"image_id":4,"category_id":2,"bbox":[570,167,69.5,116.5],"area":8096.75,"segmentation":[],"iscrowd":0},{"id":83,"image_id":4,"category_id":2,"bbox":[571,110,68.5,89.5],"area":6130.75,"segmentation":[],"iscrowd":0},{"id":84,"image_id":4,"category_id":2,"bbox":[374,233,231.5,169],"area":39123.5,"segmentation":[],"iscrowd":0},{"id":85,"image_id":4,"category_id":2,"bbox":[411,152,94.5,77.5],"area":7323.75,"segmentation":[],"iscrowd":0},{"id":86,"image_id":4,"category_id":2,"bbox":[22,125,91.5,106.5],"area":9744.75,"segmentation":[],"iscrowd":0},{"id":87,"image_id":4,"category_id":2,"bbox":[504,224,91,71],"area":6461,"segmentation":[],"iscrowd":0},{"id":88,"image_id":4,"category_id":2,"bbox":[589,394,42.5,51],"area":2167.5,"segmentation":[],"iscrowd":0},{"id":89,"image_id":4,"category_id":2,"bbox":[181,194,125,137.5],"area":17187.5,"segmentation":[],"iscrowd":0},{"id":90,"image_id":4,"category_id":2,"bbox":[451,203,78.5,78.5],"area":6162.25,"segmentation":[],"iscrowd":0},{"id":91,"image_id":4,"category_id":2,"bbox":[352,261,285,300.5],"area":85642.5,"segmentation":[],"iscrowd":0},{"id":92,"image_id":4,"category_id":2,"bbox":[37,340,37,59],"area":2183,"segmentation":[],"iscrowd":0},{"id":93,"image_id":4,"category_id":2,"bbox":[9,103,318,283],"area":89994,"segmentation":[],"iscrowd":0},{"id":94,"image_id":4,"category_id":2,"bbox":[371,229,140,106],"area":14840,"segmentation":[],"iscrowd":0},{"id":95,"image_id":4,"category_id":2,"bbox":[370,309,165,124],"area":20460,"segmentation":[],"iscrowd":0},{"id":96,"image_id":4,"category_id":2,"bbox":[158,403,36.5,57],"area":2080.5,"segmentation":[],"iscrowd":0},{"id":97,"image_id":4,"category_id":2,"bbox":[143,504,419,131],"area":54889,"segmentation":[],"iscrowd":0},{"id":98,"image_id":4,"category_id":2,"bbox":[187,123,168.5,151],"area":25443.5,"segmentation":[],"iscrowd":0},{"id":99,"image_id":4,"category_id":2,"bbox":[5,88,373,528.5],"area":197130.5,"segmentation":[],"iscrowd":0},{"id":100,"image_id":4,"category_id":2,"bbox":[590,202,50,96.5],"area":4825,"segmentation":[],"iscrowd":0},{"id":101,"image_id":4,"category_id":2,"bbox":[1,5,87.5,129],"area":11287.5,"segmentation":[],"iscrowd":0},{"id":102,"image_id":4,"category_id":2,"bbox":[193,412,45,68.5],"area":3082.5,"segmentation":[],"iscrowd":0},{"id":103,"image_id":4,"category_id":2,"bbox":[349,56,129,109],"area":14061,"segmentation":[],"iscrowd":0},{"id":104,"image_id":4,"category_id":2,"bbox":[353,48,281,298.5],"area":83878.5,"segmentation":[],"iscrowd":0},{"id":105,"image_id":4,"category_id":2,"bbox":[460,192,138,97.5],"area":13455,"segmentation":[],"iscrowd":0},{"id":106,"image_id":4,"category_id":2,"bbox":[331,307,89.5,110],"area":9845,"segmentation":[],"iscrowd":0},{"id":107,"image_id":4,"category_id":2,"bbox":[138,254,191,166],"area":31706,"segmentation":[],"iscrowd":0},{"id":108,"image_id":4,"category_id":2,"bbox":[367,257,93,76],"area":7068,"segmentation":[],"iscrowd":0},{"id":109,"image_id":4,"category_id":2,"bbox":[351,119,44,81],"area":3564,"segmentation":[],"iscrowd":0},{"id":110,"image_id":5,"category_id":1,"bbox":[408,398,55.5,71.5],"area":3968.25,"segmentation":[],"iscrowd":0},{"id":111,"image_id":5,"category_id":1,"bbox":[354,465,110,109],"area":11990,"segmentation":[],"iscrowd":0},{"id":112,"image_id":5,"category_id":1,"bbox":[369,320,96.5,93.5],"area":9022.75,"segmentation":[],"iscrowd":0},{"id":113,"image_id":5,"category_id":1,"bbox":[182,320,138,88],"area":12144,"segmentation":[],"iscrowd":0},{"id":114,"image_id":5,"category_id":1,"bbox":[179,398,89.5,131],"area":11724.5,"segmentation":[],"iscrowd":0},{"id":115,"image_id":5,"category_id":1,"bbox":[177,344,106.5,84.5],"area":8999.25,"segmentation":[],"iscrowd":0},{"id":116,"image_id":6,"category_id":1,"bbox":[305,318,164,130.5],"area":21402,"segmentation":[],"iscrowd":0},{"id":117,"image_id":6,"category_id":1,"bbox":[179,347,57,105.5],"area":6013.5,"segmentation":[],"iscrowd":0},{"id":118,"image_id":7,"category_id":1,"bbox":[295,364,113.5,134.5],"area":15265.75,"segmentation":[],"iscrowd":0},{"id":119,"image_id":7,"category_id":1,"bbox":[181,321,144,120],"area":17280,"segmentation":[],"iscrowd":0},{"id":120,"image_id":10,"category_id":1,"bbox":[295,364,113.5,134.5],"area":15265.75,"segmentation":[],"iscrowd":0},{"id":121,"image_id":10,"category_id":1,"bbox":[181,321,144,120],"area":17280,"segmentation":[],"iscrowd":0}]}