{"licenses":[{"name":"","id":0,"url":""}],"info":{"contributor":"","date_created":"","description":"","url":"","version":"","year":""},"categories":[{"id":1,"name":"car","supercategory":""},{"id":2,"name":"person","supercategory":""},{"id":3,"name":"building","supercategory":""},{"id":4,"name":"road","supercategory":""}],"images":[{"id":1,"width":173,"height":173,"file_name":"OIG (1).jpg","license":0,"flickr_url":"","coco_url":"","date_captured":0},{"id":2,"width":173,"height":173,"file_name":"OIG (10).jpg","license":0,"flickr_url":"","coco_url":"","date_captured":0},{"id":3,"width":173,"height":173,"file_name":"OIG (11).jpg","license":0,"flickr_url":"","coco_url":"","date_captured":0},{"id":4,"width":173,"height":173,"file_name":"OIG (12).jpg","license":0,"flickr_url":"","coco_url":"","date_captured":0},{"id":5,"width":173,"height":173,"file_name":"OIG (2).jpg","license":0,"flickr_url":"","coco_url":"","date_captured":0},{"id":6,"width":173,"height":173,"file_name":"OIG (3).jpg","license":0,"flickr_url":"","coco_url":"","date_captured":0},{"id":7,"width":173,"height":173,"file_name":"OIG (4).jpg","license":0,"flickr_url":"","coco_url":"","date_captured":0},{"id":8,"width":173,"height":173,"file_name":"OIG (5).jpg","license":0,"flickr_url":"","coco_url":"","date_captured":0},{"id":9,"width":173,"height":173,"file_name":"OIG (6).jpg","license":0,"flickr_url":"","coco_url":"","date_captured":0},{"id":10,"width":173,"height":173,"file_name":"OIG (7).jpg","license":0,"flickr_url":"","coco_url":"","date_captured":0},{"id":11,"width":173,"height":173,"file_name":"OIG (8).jpg","license":0,"flickr_url":"","coco_url":"","date_captured":0},{"id":12,"width":173,"height":173,"file_name":"OIG (9).jpg","license":0,"flickr_url":"","coco_url":"","date_captured":0}],"annotations":[{"id":1,"image_id":1,"category_id":1,"segmentation":[],"area":2028.5793000000003,"bbox":[4.6,111.28,49.83,40.71],"iscrowd":0,"attributes":{"occluded":false,"rotation":0.0}},{"id":2,"image_id":1,"category_id":1,"segmentation":[],"area":1082.8572000000001,"bbox":[125.36,88.21,47.64,22.73],"iscrowd":0,"attributes":{"occluded":false,"rotation":0.0}},{"id":3,"image_id":1,"category_id":1,"segmentation":[],"area":2167.0393000000004,"bbox":[10.02,81.77,74.29,29.17],"iscrowd":0,"attributes":{"occluded":false,"rotation":0.0}},{"id":4,"image_id":1,"category_id":1,"segmentation":[],"area":2182.028400000001,"bbox":[108.02,131.97,64.98,33.58],"iscrowd":0,"attributes":{"occluded":false,"rotation":0.0}},{"id":5,"image_id":1,"category_id":2,"segmentation":[],"area":214.87590000000006,"bbox":[95.85,78.38,8.81,24.39],"iscrowd":0,"attributes":{"occluded":false,"rotation":0.0}},{"id":6,"image_id":2,"category_id":1,"segmentation":[],"area":1609.9447999999998,"bbox":[113.15,126.54,59.32,27.14],"iscrowd":0,"attributes":{"occluded":false,"rotation":0.0}},{"id":7,"image_id":2,"category_id":1,"segmentation":[],"area":789.5082000000006,"bbox":[88.72,102.46,49.53,15.94],"iscrowd":0,"attributes":{"occluded":false,"rotation":0.0}},{"id":8,"image_id":2,"category_id":1,"segmentation":[],"area":1938.2831999999996,"bbox":[0.0,109.58,65.66,29.52],"iscrowd":0,"attributes":{"occluded":false,"rotation":0.0}},{"id":9,"image_id":2,"category_id":1,"segmentation":[],"area":947.3354999999998,"bbox":[33.43,92.62,50.85,18.63],"iscrowd":0,"attributes":{"occluded":false,"rotation":0.0}},{"id":10,"image_id":2,"category_id":3,"segmentation":[],"area":328.51680000000016,"bbox":[117.89,43.78,23.07,14.24],"iscrowd":0,"attributes":{"occluded":false,"rotation":0.0}},{"id":11,"image_id":2,"category_id":3,"segmentation":[],"area":282.6512000000001,"bbox":[5.61,51.24,20.32,13.91],"iscrowd":0,"attributes":{"occluded":false,"rotation":0.0}},{"id":12,"image_id":3,"category_id":3,"segmentation":[],"area":1186.7690999999998,"bbox":[2.53,2.02,33.61,35.31],"iscrowd":0,"attributes":{"occluded":false,"rotation":0.0}},{"id":13,"image_id":3,"category_id":1,"segmentation":[],"area":2335.0585000000005,"bbox":[20.54,93.98,80.05,29.17],"iscrowd":0,"attributes":{"occluded":false,"rotation":0.0}},{"id":14,"image_id":3,"category_id":1,"segmentation":[],"area":2706.2819999999983,"bbox":[0.86,133.33,71.88,37.65],"iscrowd":0,"attributes":{"occluded":false,"rotation":0.0}},{"id":15,"image_id":3,"category_id":1,"segmentation":[],"area":2497.024199999999,"bbox":[119.93,107.51,52.58,47.49],"iscrowd":0,"attributes":{"occluded":false,"rotation":0.0}},{"id":16,"image_id":3,"category_id":1,"segmentation":[],"area":456.21880000000004,"bbox":[121.29,74.27,29.17,15.64],"iscrowd":0,"attributes":{"occluded":false,"rotation":0.0}},{"id":17,"image_id":3,"category_id":1,"segmentation":[],"area":877.1448000000003,"bbox":[0.0,78.38,57.48,15.26],"iscrowd":0,"attributes":{"occluded":false,"rotation":0.0}},{"id":18,"image_id":3,"category_id":2,"segmentation":[],"area":128.96249999999984,"bbox":[97.2,67.52,5.43,23.75],"iscrowd":0,"attributes":{"occluded":false,"rotation":0.0}},{"id":19,"image_id":3,"category_id":2,"segmentation":[],"area":163.2624,"bbox":[80.92,69.9,6.78,24.08],"iscrowd":0,"attributes":{"occluded":false,"rotation":0.0}},{"id":20,"image_id":4,"category_id":2,"segmentation":[],"area":1230.0354,"bbox":[41.91,38.01,33.58,36.63],"iscrowd":0,"attributes":{"occluded":false,"rotation":0.0}},{"id":21,"image_id":4,"category_id":2,"segmentation":[],"area":341.1160000000001,"bbox":[13.42,45.78,15.94,21.4],"iscrowd":0,"attributes":{"occluded":false,"rotation":0.0}},{"id":22,"image_id":4,"category_id":2,"segmentation":[],"area":216.90879999999981,"bbox":[12.4,67.18,18.32,11.84],"iscrowd":0,"attributes":{"occluded":false,"rotation":0.0}},{"id":23,"image_id":4,"category_id":1,"segmentation":[],"area":10156.442000000001,"bbox":[97.2,24.78,75.8,133.99],"iscrowd":0,"attributes":{"occluded":false,"rotation":0.0}},{"id":24,"image_id":5,"category_id":3,"segmentation":[],"area":4606.554999999999,"bbox":[65.99,23.42,97.7,47.15],"iscrowd":0,"attributes":{"occluded":false,"rotation":0.0}},{"id":25,"image_id":5,"category_id":2,"segmentation":[],"area":488.68000000000023,"bbox":[41.91,83.12,12.86,38.0],"iscrowd":0,"attributes":{"occluded":false,"rotation":0.0}},{"id":26,"image_id":5,"category_id":2,"segmentation":[],"area":396.07800000000003,"bbox":[58.87,82.79,10.52,37.65],"iscrowd":0,"attributes":{"occluded":false,"rotation":0.0}},{"id":27,"image_id":5,"category_id":1,"segmentation":[],"area":2686.265900000001,"bbox":[116.54,83.77,54.61,49.19],"iscrowd":0,"attributes":{"occluded":false,"rotation":0.0}},{"id":28,"image_id":6,"category_id":1,"segmentation":[],"area":2136.898399999999,"bbox":[121.29,73.97,51.22,41.72],"iscrowd":0,"attributes":{"occluded":false,"rotation":0.0}},{"id":29,"image_id":6,"category_id":1,"segmentation":[],"area":2879.7549,"bbox":[0.0,83.77,74.47,38.67],"iscrowd":0,"attributes":{"occluded":false,"rotation":0.0}},{"id":30,"image_id":6,"category_id":1,"segmentation":[],"area":730.9151999999998,"bbox":[83.29,55.65,29.52,24.76],"iscrowd":0,"attributes":{"occluded":false,"rotation":0.0}},{"id":31,"image_id":6,"category_id":3,"segmentation":[],"area":1029.6822,"bbox":[3.92,5.11,44.06,23.37],"iscrowd":0,"attributes":{"occluded":false,"rotation":0.0}},{"id":32,"image_id":6,"category_id":3,"segmentation":[],"area":905.7411999999998,"bbox":[129.77,23.76,41.72,21.71],"iscrowd":0,"attributes":{"occluded":false,"rotation":0.0}},{"id":33,"image_id":6,"category_id":2,"segmentation":[],"area":172.31360000000004,"bbox":[127.02,51.92,8.48,20.32],"iscrowd":0,"attributes":{"occluded":false,"rotation":0.0}},{"id":34,"image_id":7,"category_id":2,"segmentation":[],"area":510.53399999999993,"bbox":[16.47,109.58,12.55,40.68],"iscrowd":0,"attributes":{"occluded":false,"rotation":0.0}},{"id":35,"image_id":7,"category_id":2,"segmentation":[],"area":450.17540000000025,"bbox":[1.2,101.1,11.54,39.01],"iscrowd":0,"attributes":{"occluded":false,"rotation":0.0}},{"id":36,"image_id":7,"category_id":1,"segmentation":[],"area":3077.9586000000004,"bbox":[98.22,116.37,63.06,48.81],"iscrowd":0,"attributes":{"occluded":false,"rotation":0.0}},{"id":37,"image_id":7,"category_id":1,"segmentation":[],"area":2485.1904000000004,"bbox":[33.09,93.6,73.92,33.62],"iscrowd":0,"attributes":{"occluded":false,"rotation":0.0}},{"id":38,"image_id":7,"category_id":1,"segmentation":[],"area":1145.5782,"bbox":[134.18,88.52,38.82,29.51],"iscrowd":0,"attributes":{"occluded":false,"rotation":0.0}},{"id":39,"image_id":7,"category_id":3,"segmentation":[],"area":2161.8060000000005,"bbox":[102.97,10.87,68.52,31.55],"iscrowd":0,"attributes":{"occluded":false,"rotation":0.0}},{"id":40,"image_id":8,"category_id":3,"segmentation":[],"area":1241.1799999999998,"bbox":[71.42,22.41,45.8,27.1],"iscrowd":0,"attributes":{"occluded":false,"rotation":0.0}},{"id":41,"image_id":8,"category_id":3,"segmentation":[],"area":792.4526999999999,"bbox":[130.78,39.71,41.73,18.99],"iscrowd":0,"attributes":{"occluded":false,"rotation":0.0}},{"id":42,"image_id":8,"category_id":2,"segmentation":[],"area":1072.774,"bbox":[119.25,129.94,25.1,42.74],"iscrowd":0,"attributes":{"occluded":false,"rotation":0.0}},{"id":43,"image_id":8,"category_id":2,"segmentation":[],"area":1893.1422000000002,"bbox":[21.52,115.69,33.62,56.31],"iscrowd":0,"attributes":{"occluded":false,"rotation":0.0}},{"id":44,"image_id":8,"category_id":2,"segmentation":[],"area":846.3184000000003,"bbox":[2.22,110.6,19.34,43.76],"iscrowd":0,"attributes":{"occluded":false,"rotation":0.0}},{"id":45,"image_id":8,"category_id":1,"segmentation":[],"area":2561.7110999999995,"bbox":[74.78,95.34,70.59,36.29],"iscrowd":0,"attributes":{"occluded":false,"rotation":0.0}},{"id":46,"image_id":8,"category_id":1,"segmentation":[],"area":2374.715,"bbox":[0.0,83.12,71.42,33.25],"iscrowd":0,"attributes":{"occluded":false,"rotation":0.0}},{"id":47,"image_id":9,"category_id":1,"segmentation":[],"area":3120.062,"bbox":[72.78,80.07,40.7,76.66],"iscrowd":0,"attributes":{"occluded":false,"rotation":0.0}},{"id":48,"image_id":9,"category_id":1,"segmentation":[],"area":3779.8046000000004,"bbox":[0.0,69.9,62.26,60.71],"iscrowd":0,"attributes":{"occluded":false,"rotation":0.0}},{"id":49,"image_id":9,"category_id":1,"segmentation":[],"area":1647.3906000000004,"bbox":[112.77,66.16,50.58,32.57],"iscrowd":0,"attributes":{"occluded":false,"rotation":0.0}},{"id":50,"image_id":9,"category_id":3,"segmentation":[],"area":605.1311,"bbox":[18.5,5.44,24.43,24.77],"iscrowd":0,"attributes":{"occluded":false,"rotation":0.0}},{"id":51,"image_id":9,"category_id":3,"segmentation":[],"area":348.95039999999983,"bbox":[159.62,21.39,13.38,26.08],"iscrowd":0,"attributes":{"occluded":false,"rotation":0.0}},{"id":52,"image_id":9,"category_id":2,"segmentation":[],"area":220.52309999999974,"bbox":[164.71,84.79,6.07,36.33],"iscrowd":0,"attributes":{"occluded":false,"rotation":0.0}},{"id":53,"image_id":10,"category_id":1,"segmentation":[],"area":3402.9138000000003,"bbox":[0.0,30.55,46.66,72.93],"iscrowd":0,"attributes":{"occluded":false,"rotation":0.0}},{"id":54,"image_id":10,"category_id":1,"segmentation":[],"area":3332.3246999999997,"bbox":[127.73,31.22,45.27,73.61],"iscrowd":0,"attributes":{"occluded":false,"rotation":0.0}},{"id":55,"image_id":11,"category_id":1,"segmentation":[],"area":3490.1100000000006,"bbox":[114.5,86.86,58.5,59.66],"iscrowd":0,"attributes":{"occluded":false,"rotation":0.0}},{"id":56,"image_id":11,"category_id":1,"segmentation":[],"area":5364.724799999999,"bbox":[1.88,76.0,62.76,85.48],"iscrowd":0,"attributes":{"occluded":false,"rotation":0.0}},{"id":57,"image_id":12,"category_id":1,"segmentation":[],"area":7720.785600000001,"bbox":[7.65,61.08,82.77,93.28],"iscrowd":0,"attributes":{"occluded":false,"rotation":0.0}},{"id":58,"image_id":12,"category_id":1,"segmentation":[],"area":1083.4976000000006,"bbox":[146.73,81.43,24.76,43.76],"iscrowd":0,"attributes":{"occluded":false,"rotation":0.0}}]}